retrieval_method,accuracy,f1_score_macro
BERT,0.3333333333333333,0.25
TFIDF,0.3333333333333333,0.25
