accuracy,precision_macro,recall_macro,f1_score_macro
0.3333333333333333,0.16666666666666666,0.5,0.25
