query_id,retrieval_method,precision_at_5,recall_at_5,f1_score_at_5,accuracy_at_5
Q001,BERT,0.6,0.3,0.4,1
Q001,TFIDF,1.0,0.5,0.6666666666666666,1
Q002,BERT,1.0,0.2777777777777778,0.4347826086956522,1
Q002,TFIDF,1.0,0.2777777777777778,0.4347826086956522,1
Q003,BERT,0.6,0.5,0.5454545454545454,1
Q003,TFIDF,0.8,0.6666666666666666,0.7272727272727272,1
