query_id,precision_at_5,recall_at_5,f1_score_at_5,accuracy_at_5
Q001,0.6,0.3,0.4,1
Q002,1.0,0.2777777777777778,0.4347826086956522,1
Q003,0.6,0.5,0.5454545454545454,1
